algorithm,params,merge distance count,ef=32 5@recall,ef=32 dist count,ef=40 5@recall,ef=40 dist count,ef=50 5@recall,ef=50 dist count,ef=64 5@recall,ef=64 dist count,ef=72 5@recall,ef=72 dist count
merge_naive, "{'jump_ef':20}", 4812582791, 0.9148400000000001, 950.5332, 0.9342, 1098.4587, 0.9499400000000001,1278.8071, 0.9626600000000001,1522.9343, 0.9677400000000002,1659.3787
merge1,"{'jump_ef': 20, 'local_ef': 5, 'next_step_k': 5, 'next_step_ef': 3, 'M': 5}", 947762326, 0.8989599999999999, 920.6024, 0.9209200000000001,1062.3704,0.9381200000000001,1234.3287,0.95336,1468.1675,0.9596199999999999,1598.5293
merge2,"{'jump_ef': 20, 'local_ef': 5, 'next_step_k': 3, 'M': 2}",1177912932,0.90002,921.3789,0.9222,1063.5333,0.93886,1235.3739,0.9547200000000001,1469.9539,0.9611400000000001,1600.2646
merge2,"{'jump_ef': 20, 'local_ef': 5, 'next_step_k': 3, 'M': 1}",1181782572,0.8999799999999999,921.6433,0.92106,1063.3597,0.9387800000000001,1235.6119,0.9545799999999999,1470.0048,0.9607399999999999,1599.9581
merge2,"{'jump_ef': 20, 'local_ef': 5, 'next_step_k': 3, 'M': 3}",1175202257,0.9001400000000002,920.9001,0.92256,1062.9407,0.9394800000000001,1235.294,0.9544600000000001,1469.4209,0.9606600000000001,1600.049
merge2,"{'jump_ef': 20, 'local_ef': 5, 'next_step_k': 3, 'M': 20}",1171237809,0.9022600000000001,921.5206,0.9238200000000001,1063.2322,0.9405599999999998,1235.3294,0.9558399999999999,1469.9561,0.9615600000000001,1600.0273
merge2,"{'jump_ef': 64, 'local_ef': 5, 'next_step_k': 3, 'M': 1}",1593093883,0.90022,921.2841,0.92248,1062.778,0.9390800000000001,1235.199,0.9544800000000001,1470.123,0.9608200000000001,1600.37
merge2,"{'jump_ef': 64, 'local_ef': 5, 'next_step_k': 3, 'M': 2}",1584484215,0.8999,921.5565,0.9223399999999999,1063.3673,0.9399,1235.225,0.9547200000000001,1469.6436,0.96098,1600.0652